{
  "binary_accuracy": [
    0.8341772556304932,
    0.8898733854293823,
    0.909493625164032,
    0.9205695986747742,
    0.9287974834442139,
    0.9275316596031189,
    0.9367089867591858,
    0.9344936609268188,
    0.939240574836731,
    0.9424050450325012,
    0.9386075139045715,
    0.9427216053009033,
    0.9414557218551636,
    0.9430378675460815,
    0.9474683403968811,
    0.9525317549705505,
    0.9509493708610535,
    0.9518988132476807,
    0.953797459602356,
    0.9503164291381836,
    0.9490506052970886,
    0.9518986940383911,
    0.9522151947021484,
    0.9556962847709656,
    0.9594936966896057,
    0.9544302821159363,
    0.9531645178794861,
    0.9560126662254333,
    0.9537975192070007,
    0.9563291668891907,
    0.961392343044281,
    0.9617088437080383,
    0.9575949311256409,
    0.963923990726471,
    0.9629747271537781,
    0.9607595205307007,
    0.9585443735122681,
    0.9585443139076233,
    0.9610759019851685,
    0.9620253443717957,
    0.9645569324493408,
    0.9617088437080383,
    0.9639240503311157,
    0.9639240503311157,
    0.9670886397361755,
    0.9667722582817078,
    0.9617089629173279
  ],
  "loss": [
    0.5654312968254089,
    0.35203924775123596,
    0.25798991322517395,
    0.24137967824935913,
    0.21515892446041107,
    0.2120247632265091,
    0.19476747512817383,
    0.18571628630161285,
    0.18332171440124512,
    0.17143312096595764,
    0.1691082864999771,
    0.16606606543064117,
    0.16240772604942322,
    0.15180517733097076,
    0.14430439472198486,
    0.14551831781864166,
    0.13949696719646454,
    0.13546939194202423,
    0.12692801654338837,
    0.13153021037578583,
    0.13480691611766815,
    0.1268778145313263,
    0.12970958650112152,
    0.12009117007255554,
    0.11130540817975998,
    0.1181151494383812,
    0.12123245745897293,
    0.11957686394453049,
    0.11516071110963821,
    0.10951785743236542,
    0.10344764590263367,
    0.10166160017251968,
    0.10029052197933197,
    0.09703972935676575,
    0.10047140717506409,
    0.10271656513214111,
    0.09920083731412888,
    0.09743727743625641,
    0.09155313670635223,
    0.09632141888141632,
    0.09090639650821686,
    0.08808634430170059,
    0.09040114283561707,
    0.09072043746709824,
    0.07924385368824005,
    0.08749353140592575,
    0.09261320531368256
  ],
  "val_binary_accuracy": [
    0.8824999928474426,
    0.9112499952316284,
    0.9162499308586121,
    0.9199999570846558,
    0.9287500381469727,
    0.9274999499320984,
    0.9300000071525574,
    0.9337500333786011,
    0.9312499761581421,
    0.9325000047683716,
    0.9325000047683716,
    0.934999942779541,
    0.9375,
    0.9399999380111694,
    0.9375,
    0.940000057220459,
    0.9424999356269836,
    0.9449999928474426,
    0.9437500238418579,
    0.9424999952316284,
    0.9512499570846558,
    0.9474999308586121,
    0.9399999380111694,
    0.9437500238418579,
    0.9512499570846558,
    0.9449999928474426,
    0.9462499618530273,
    0.9487498998641968,
    0.9512499570846558,
    0.9537500143051147,
    0.9550000429153442,
    0.9537500143051147,
    0.9537500143051147,
    0.9487500190734863,
    0.9550000429153442,
    0.949999988079071,
    0.9612500071525574,
    0.9475000500679016,
    0.956250011920929,
    0.9612500071525574,
    0.9537500143051147,
    0.9600000381469727,
    0.9524999856948853,
    0.9600000381469727,
    0.9537500143051147,
    0.9550000429153442,
    0.956250011920929
  ],
  "val_loss": [
    0.34241580963134766,
    0.25779443979263306,
    0.2393762618303299,
    0.21963457763195038,
    0.20778505504131317,
    0.20733387768268585,
    0.19576849043369293,
    0.18839626014232635,
    0.18910518288612366,
    0.19349440932273865,
    0.17999887466430664,
    0.17517422139644623,
    0.16621999442577362,
    0.16888150572776794,
    0.16925403475761414,
    0.16251060366630554,
    0.1688656508922577,
    0.16388508677482605,
    0.15801143646240234,
    0.15591411292552948,
    0.16838380694389343,
    0.1554747223854065,
    0.16242726147174835,
    0.14931687712669373,
    0.1453343629837036,
    0.14490941166877747,
    0.14038199186325073,
    0.14796295762062073,
    0.1469714343547821,
    0.13725018501281738,
    0.13586696982383728,
    0.12989595532417297,
    0.13663731515407562,
    0.15207211673259735,
    0.13965365290641785,
    0.13630162179470062,
    0.1264742910861969,
    0.1358923465013504,
    0.12744645774364471,
    0.13693220913410187,
    0.13869169354438782,
    0.12287051975727081,
    0.13914695382118225,
    0.12603431940078735,
    0.12933066487312317,
    0.1379847228527069,
    0.13478781282901764
  ],
  "learning_rate": [
    0.0010000000474974513,
    0.0010000000474974513,
    0.0010000000474974513,
    0.0010000000474974513,
    0.0010000000474974513,
    0.0010000000474974513,
    0.0010000000474974513,
    0.0010000000474974513,
    0.0010000000474974513,
    0.0010000000474974513,
    0.0010000000474974513,
    0.0010000000474974513,
    0.0010000000474974513,
    0.0010000000474974513,
    0.0010000000474974513,
    0.0010000000474974513,
    0.0010000000474974513,
    0.0010000000474974513,
    0.0010000000474974513,
    0.0010000000474974513,
    0.0010000000474974513,
    0.0010000000474974513,
    0.0010000000474974513,
    0.0010000000474974513,
    0.0010000000474974513,
    0.0010000000474974513,
    0.0010000000474974513,
    0.0010000000474974513,
    0.0010000000474974513,
    0.0010000000474974513,
    0.0010000000474974513,
    0.0010000000474974513,
    0.0010000000474974513,
    0.0010000000474974513,
    0.0010000000474974513,
    0.0010000000474974513,
    0.0010000000474974513,
    0.0010000000474974513,
    0.0010000000474974513,
    0.0010000000474974513,
    0.0010000000474974513,
    0.0010000000474974513,
    0.0010000000474974513,
    0.0010000000474974513,
    0.0010000000474974513,
    0.0010000000474974513,
    0.0010000000474974513
  ]
}