{
  "gunshot": {
    "precision": 0.5294117647058824,
    "recall": 1.0,
    "f1_score": 0.6923076923076923,
    "support": 9
  },
  "glass_shatter": {
    "precision": 1.0,
    "recall": 1.0,
    "f1_score": 1.0,
    "support": 3
  },
  "human_scream": {
    "precision": 0.8,
    "recall": 0.8,
    "f1_score": 0.8,
    "support": 10
  },
  "siren": {
    "precision": 1.0,
    "recall": 0.5,
    "f1_score": 0.6666666666666666,
    "support": 6
  },
  "car_alarm": {
    "precision": 0.7,
    "recall": 0.7,
    "f1_score": 0.7,
    "support": 10
  },
  "explosion": {
    "precision": 1.0,
    "recall": 0.375,
    "f1_score": 0.5454545454545454,
    "support": 8
  },
  "dog_bark": {
    "precision": 0.9090909090909091,
    "recall": 1.0,
    "f1_score": 0.9523809523809523,
    "support": 10
  },
  "power_tools": {
    "precision": 1.0,
    "recall": 0.625,
    "f1_score": 0.7692307692307693,
    "support": 8
  },
  "aggressive_shout": {
    "precision": 0.8571428571428571,
    "recall": 0.6666666666666666,
    "f1_score": 0.75,
    "support": 9
  },
  "ambient": {
    "precision": 0.6363636363636364,
    "recall": 1.0,
    "f1_score": 0.7777777777777778,
    "support": 7
  }
}